"coeff","mean","lower","upper"
"green",0.0288012385924929,0.0066214345209986,0.0537358379473779
"wet",-0.1909383983732,-0.214689891145703,-0.155905123209488
