"coeff","mean","lower","upper"
"EVI",-0.145720913868588,-0.233383190546016,-0.0669873651395129
